{"n_quantiles": 64, "noise_quantile_tables": [[-0.6031491713225842, -0.39702717108031116, -0.3499659123945804, -0.31792289790298256, -0.29328360005858395, -0.2725987964052529, -0.25411515636103493, -0.23751453492790459, -0.2225579069891856, -0.20863007857863397, -0.19549838587109533, -0.1831556022468777, -0.17117395827280624, -0.15989892982301257, -0.14895252188046773, -0.13822935548211845, -0.12798966861906508, -0.11811064810359052, -0.10845176794699268, -0.09896669350564481, -0.08950138643383984, -0.08039857232943178, -0.07126599813767133, -0.06231998654126766, -0.0534242832634066, -0.04474247188750834, -0.0361389955195288, -0.027477887058630586, -0.018983914170724654, -0.010514706131514355, -0.00192800315728944, 0.0, 0.000192800315728944, 0.002156318094182184, 0.010738829195698987, 0.01936518701259044, 0.027896279413918285, 0.03650258834961625, 0.045239314131350086, 0.05381295578554272, 0.06271460856710162, 0.07174972637778236, 0.08089909950271248, 0.09024901708410608, 0.09962779487527558, 0.10915205014337387, 0.11876029565664276, 0.12878449009287923, 0.1390077388446246, 0.14954915698617693, 0.1604467765827264, 0.17156931588160138, 0.18328836770107343, 0.19576968252658844, 0.20889211951621953, 0.22290118647473198, 0.23798431287209193, 0.25430628591350146, 0.2723258138909226, 0.2930998488905883, 0.3179417836133923, 0.3498961694467635, 0.3973209387489728, 0.6017920263111488], [-0.6921936982870102, -0.47746598327088924, -0.4215000867843628, -0.38406024910509584, -0.35539984782891615, -0.3311216064294179, -0.309358233032482, -0.2895245584348837, -0.2716765191831759, -0.254621297121048, -0.238516278495746, -0.22326786361989523, -0.2089425105441894, -0.19514432248437688, -0.18145822367320458, -0.16864109119666473, -0.15631733473567738, -0.14421867376991684, -0.13243667781352997, -0.12081888863550766, -0.10941823571920395, -0.09809719771146774, -0.08701732175602091, -0.07609134271563522, -0.0653671871604664, -0.054642647722115134, -0.04390161370326368, -0.03355639488303236, -0.02312702782917768, -0.012805233053153484, -0.0025343171134591122, 0.0, 0.00023585446391786725, 0.0023585446391786724, 0.012514211082210132, 0.022761686861825413, 0.0332017431088856, 0.043682736251503235, 0.05436250939965248, 0.06507830615820628, 0.07565292716026306, 0.0865449941921092, 0.09771881796419618, 0.10912047829301574, 0.12035877565808953, 0.13204544112086297, 0.14397060973126266, 0.15633959619062288, 0.1689300835132599, 0.181688983241717, 0.19506074488162994, 0.20879117554851936, 0.22324724955218175, 0.23849512699991465, 0.2544065797967571, 0.2716584801673889, 0.28973156874378525, 0.30933432755725726, 0.3313193484679574, 0.35542063956104564, 0.38432608789631306, 0.4223935008049011, 0.4778606349903914, 0.6905218730866792], [-0.6034825952351093, -0.39691125790278114, -0.3495286759947027, -0.31706266225448676, -0.29199412133367286, -0.2709337386879183, -0.2525925832773958, -0.23612771429121493, -0.22099922765578545, -0.2070047102602465, -0.19388542357654803, -0.18162099938839674, -0.1697815992736391, -0.1585950908526069, -0.1477933260301749, -0.13743099032768177, -0.12713124055237998, -0.11719200232199262, -0.10756624533927867, -0.09805930286113705, -0.08884938964442839, -0.07965983703732502, -0.07069091915995593, -0.0618127548410779, -0.053000229763399326, -0.044323135747441324, -0.035761242424625736, -0.027221315130591395, -0.018665664483172202, -0.010124490695584307, -0.0018589227443694017, 0.0, 0.0001858922744369402, 0.0021903626035365727, 0.010606765598502186, 0.019042179509997346, 0.02756602780693876, 0.036000352630480424, 0.04459873596117611, 0.0532950651964971, 0.06193830374983096, 0.07078525903412983, 0.0796815674751997, 0.08887892759094634, 0.09827605568404708, 0.1077622418318476, 0.11746055522756214, 0.12737472777210532, 0.13755478931324822, 0.1480873016019662, 0.1590353122548688, 0.17023316075759273, 0.18193100049382163, 0.19435857335371629, 0.2074551643803716, 0.2213163975821364, 0.23627249397337435, 0.25249873424214964, 0.27089472849099405, 0.2915063369664407, 0.3167806319147352, 0.348976952298766, 0.39646419468734956, 0.6022517703473551], [-0.6017010916769504, -0.39782242439687254, -0.3495490487061796, -0.3175824565972601, -0.2929442792421295, -0.2721072897456941, -0.2537014919519424, -0.23719361533721287, -0.22225598074850583, -0.20819881433354961, -0.19511319334130917, -0.18273642573328244, -0.17085378472294127, -0.1595551215023512, -0.14863568792740503, -0.13800539384995186, -0.127877802506444, -0.11791248318606191, -0.10833488296717406, -0.0988770217989527, -0.0894047344192153, -0.08016583945602185, -0.07098374198235216, -0.06205836511527499, -0.053359921023781814, -0.044730901201477366, -0.03613391643877896, -0.027461169749232288, -0.018969471664167972, -0.01053688362950375, -0.0020776683038898945, 0.0, 0.00019673791241698192, 0.001967379124169819, 0.01054712080485409, 0.019091462024177087, 0.02755236237575965, 0.0361656618397683, 0.04469633819180586, 0.053293173334428234, 0.06215494541140895, 0.07105560007194676, 0.08018830131739378, 0.08939872273643093, 0.09885462526498101, 0.10850353749468923, 0.11823350273427513, 0.1282927684042425, 0.13846021662333183, 0.14906087219715114, 0.15995388545628103, 0.17123914635074988, 0.1829826549245487, 0.19560975579101414, 0.2085801082530192, 0.222663082602833, 0.23756455215315025, 0.25397212638386657, 0.27223801999929403, 0.29304750473016766, 0.31791949189135005, 0.3495662881150132, 0.3971156676858666, 0.6009136903285845], [-0.6002766977250577, -0.3972279563865491, -0.3493500199346315, -0.3174420962908438, -0.2925413953229075, -0.2715052569018943, -0.2530473362548011, -0.23671067249029876, -0.22163560535758736, -0.20770245178469596, -0.19458499546207134, -0.18212782291074595, -0.17021713981138809, -0.15887335062913951, -0.14793202206492423, -0.13743636924773453, -0.12745442649615663, -0.1174079075819325, -0.10774627316743139, -0.09828276768149366, -0.08906413424671407, -0.07995087830349804, -0.07091631443550189, -0.062076374126953035, -0.053397697569536315, -0.04472183407860853, -0.03606279533223388, -0.027469986477600676, -0.01892993489125123, -0.01042909325444184, -0.0018951562655690544, 0.0, 0.00018951562655690544, 0.002114988014634051, 0.010450584994673369, 0.01894023889675735, 0.02737566116132905, 0.03592710737272033, 0.04459410312496836, 0.053264379574518114, 0.062072717122999686, 0.07107524287399082, 0.08013163924217223, 0.08937138696245484, 0.09866938023783622, 0.10826639642140695, 0.11799714247208268, 0.12793794501927636, 0.138226585611701, 0.14868794158101079, 0.1597727210482671, 0.17119287415274542, 0.18310879272009642, 0.1955822006417882, 0.2086386291044099, 0.22247875226750258, 0.2375593847160538, 0.2540010589574062, 0.2720176481703917, 0.2926077231410003, 0.3174937363288232, 0.3494196210092022, 0.3971091870715222, 0.5992839734256235]],